id,weight_ratio,OT_us_IPC,OT_us_Bullet,OT_IPC_Bullet
1344061_sf_m0_p0,0.07445713871679521,0.00618387751376781,0.04447203864535446,0.04303267782484763
1344061_sf_m2_p2,0.40014019594920414,0.22845762934763636,0.2690653986169099,0.13618794549167276
91347_sf_m0_p0,0.16381659137505697,0.08744488406223876,0.14839956013919156,0.08218056760164873
91347_sf_m2_p0,0.19920708029568626,0.09040632873046159,0.17811821150358637,0.08793794140117209
91347_sf_m2_p2,0.24296354879994106,0.15073366648660314,0.19237923261405135,0.041645576652333045
1344055_sf_m0_p0,0.2567933175799113,0.17784310306501488,0.3294544693601289,0.1832060231291159
1344055_sf_m2_p0,0.21009168685374097,0.135192038649433,0.34506544206126977,0.27724051309429526
1344055_sf_m2_p1,0.27076871313281065,0.11206335551267613,0.32055423664615057,0.2099855744937247
250142_sf_m0_p0,0.3848764411319759,0.20135372315126565,0.3592017034184566,0.36974866259517924
250142_sf_m2_p0,0.20718233449402115,0.1554309808192246,0.3890087959121824,0.25571858902535693
250142_sf_m2_p1,0.2619570997085279,0.1084370229000852,0.17579379964606368,0.25639947451285294
250142_sf_m2_p2,0.2571744936686164,0.3868468808491067,0.35010804789864997,0.14176133433587132
76947_sf_m0_p0,0.20636905273482153,0.07665286862202104,0.06421758933618386,0.013900639573676175
76947_sf_m2_p0,0.31353285056688746,0.16639188550367764,0.34204416000395654,0.44114250835309293
76947_sf_m2_p1,0.32385643595054325,0.11358160145121322,0.27280410426732005,0.2928000554381682
76947_sf_m2_p2,0.13643637074024273,0.16385715157429812,0.30529852788466033,0.2441559462957451
44234_sf_m0_p0,0.1453251743119251,0.2503192054109978,0.41646963709885026,0.2629955528402003
44234_sf_m2_p0,0.23553101295754952,0.27912101931956346,0.3833926129113559,0.28758702593180235
44234_sf_m2_p1,0.20940891214787677,0.05394995727768175,0.171177839590397,0.14360274528195602
44234_sf_m2_p2,0.2376350413052244,0.050937870603533573,0.21938760190744774,0.2545606607600292
120477_sf_m0_p0,0.38274058179568266,0.20989130063657524,0.38409035338744385,0.18485573079022075
120477_sf_m2_p0,0.39321058972698303,0.104740798382276,0.19945671478988208,0.15922546137533344
120477_sf_m2_p1,0.1094142487273853,0.09574880494929808,0.5590458513301728,0.4994445963432492
120477_sf_m2_p2,0.26643412825770285,0.4482878597015425,0.7243305636263471,1.0985243801273805
79241_sf_m0_p0,0.11520350978235298,0.13605927639758664,0.17431392823033023,0.06677553087941182
79241_sf_m2_p0,0.30511992027504986,0.19571588120794078,0.2985068039991054,0.31305052481920975
79241_sf_m2_p1,0.37683275030811153,0.2531205567006613,0.33570729014622025,0.34109016878918524
79241_sf_m2_p2,0.3731427429525259,0.22973183654385004,0.41130911999870495,0.3377145464169172
127196_sf_m2_p1,0.21470320132982867,0.13153442198470144,0.18043909091030294,0.16585599562287665
127196_sf_m2_p2,0.13902423011491696,0.1079683232473023,0.3688066336570526,0.3512961369598767
127316_sf_m0_p0,0.2769749601386791,0.12409603432122822,0.1559093883090961,0.13515112885332886
127316_sf_m2_p0,0.4450712279334771,0.10917468790165663,0.3068138341920399,0.23490741803035242
127316_sf_m2_p1,0.29398703200577175,0.20792568325466812,0.39067173011269757,0.39428717038977623
127316_sf_m2_p2,0.20775688383858287,0.21325057053803012,0.2065593667223105,0.046783359048281674
68381_sf_m2_p0,0.07522076413375013,0.0217730767352954,0.2704192861726716,0.2508638406409609
68381_sf_m2_p2,0.24392166155735426,0.18691269924892917,0.2260402440518368,0.0559477120878744
437348_sf_m0_p0,0.3617766926916182,0.04782754730901716,0.04763991219232275,0.04213730566983561
437348_sf_m2_p0,0.282877221203242,0.4620957694541781,0.6142418863477203,0.1550953098782736
437348_sf_m2_p1,0.2568577753318635,0.18529941812752085,0.35520534728986647,0.41018076039824275
437348_sf_m2_p2,0.13730296940537812,0.1894069921495189,0.37074947797498364,0.32690676448026834
682288_sf_m2_p1,0.18014031811327721,0.027776726683439112,0.25582488210204707,0.26965776766441124
1344045_sf_m0_p0,0.4144601619538974,0.20696554839643946,0.24760907456288478,0.05039089653797468
1344045_sf_m2_p0,0.3289557603272075,0.13798143917570085,0.23099886699300326,0.10208567641894871
1344045_sf_m2_p1,0.2891049541264279,0.12280332344597705,0.17781795626774508,0.07358552272599528
1344045_sf_m2_p2,0.4110860771603493,0.09612117098435825,0.16605911028631287,0.10337813714970276
1344051_sf_m0_p0,0.42616123337001355,0.24147415163693844,0.43603884819167776,0.19941482354811435
1344051_sf_m2_p0,0.213086187108015,0.08435690473249502,0.14449293640803762,0.10674555251776958
1344051_sf_m2_p1,0.13222910981960848,0.08203883624637755,0.15582399228814253,0.09057000666942999
1344051_sf_m2_p2,0.18189977600915813,0.13880404827023346,0.16408480440834722,0.061013779718821895
93097_sf_m0_p0,0.2167013916403474,0.10496955635622487,0.15175774310592124,0.06450610023284169
93097_sf_m2_p0,0.2873598201754252,0.21519526822036028,0.24665799492628557,0.04483067647688306
93097_sf_m2_p1,0.12585017970048532,0.0939022891759945,0.13889345232945427,0.10349320541391357
93097_sf_m2_p2,0.20042620715977016,0.060123323500478804,0.10662775531024422,0.05189277132092123
81951_sf_m0_p0,0.2256403290191037,0.1481417617848322,0.18787003594780094,0.11787994045677254
81951_sf_m2_p0,0.31229223778548615,0.09520607052055093,0.15374696997566706,0.07486516116987493
81951_sf_m2_p1,0.2757685656700425,0.3799777461530388,0.476881455697395,0.4503771195329652
81951_sf_m2_p2,0.41859421160070936,0.12685701621814788,0.3610058613017712,0.32608866252718594
64194_sf_m0_p0,0.08025706315295006,0.011556480000160905,1.0335347547940856,1.0294918204466237
64194_sf_m2_p0,0.26171995884332094,0.1337367026923828,0.19100827785245322,0.057271577090978874
64194_sf_m2_p1,0.016216854193934038,0.014134220700036811,0.004234674908880389,0.00989954579115642
64194_sf_m2_p2,0.04491145592627267,0.006955500164875921,0.04318131873733867,0.03622581857246271
103538_sf_m0_p0,0.379847144930272,0.16068287623494876,0.26807112085880386,0.16614241200507213
103538_sf_m2_p0,0.23532490730624556,0.05906757823902791,0.19719345329547847,0.1449229202094165
103538_sf_m2_p1,0.24214628816716416,0.1317017121155075,0.44149836139815907,0.4390631279745799
103538_sf_m2_p2,0.2540128807240959,0.10941481709516926,0.8734297258884128,0.9333627433676532
73101_sf_m2_p0,0.15338716795424504,0.14714733332409366,0.1963185622337177,0.06568722619319518
73101_sf_m2_p2,0.31425859710738646,0.15476208013723697,0.21884045172075423,0.08807734679846686
133079_sf_m0_p0,0.3413913318056928,0.3100541517135963,0.4112220062462633,0.10253176306118215
133079_sf_m2_p0,0.33395242976557765,0.283112045729299,0.4821901189031176,0.5315060406264398
133079_sf_m2_p1,0.26923207215725836,0.21723854980613405,0.3139703928778292,0.15666717429351612
133079_sf_m2_p2,0.3530064595525393,0.21421629619164592,0.5137588225537998,0.4952832001400724
73075_sf_m2_p0,0.04352792200597483,0.10195038905566442,0.38128470385176566,0.4814991349117893
73075_sf_m2_p2,0.1230347287571897,0.0807555295262289,0.5909148618502711,0.5365509064630439
1344041_sf_m0_p0,0.22444109652290625,0.04734355375075486,0.07203059903231215,0.028064414429211988
1344041_sf_m2_p0,0.22281373722979164,0.1691740791995884,0.1410557945068793,0.03438503665100437
1344041_sf_m2_p1,0.31941442148884847,0.19923633373060257,0.20497385026326229,0.017631717787067618
1344050_sf_m0_p0,0.2152093140488609,0.09251642148542369,0.07765062965002051,0.06492339000299706
1344050_sf_m2_p0,0.27845987575772646,0.13314090303451687,0.2640092340410945,0.1333309236524577
1344050_sf_m2_p1,0.26828430447114615,0.12080863461223432,0.22135850359896858,0.1128830414304991
55031_sf_m0_p0,0.3868953215850966,0.2370843525155437,0.4018260331225807,0.1964610386686223
55031_sf_m2_p0,0.16824666921601988,0.15463655647216873,0.18595787132346114,0.03912840895327933
55031_sf_m2_p1,0.3519098819946362,0.1532067363121799,0.22095882123486255,0.11982872552552719
55031_sf_m2_p2,0.1714799018849317,0.07532106050644763,0.27105749157767167,0.24717979536267487
127243_sf_m0_p0,0.261226578519736,0.29411867986398804,0.5433647042354033,0.5992427134202979
127243_sf_m2_p0,0.11119041789229084,0.045293069428676315,0.6341010029724137,0.6709373277737161
127243_sf_m2_p1,0.13885313855109316,0.15285747613149042,0.491071035353606,0.47843266334995466
127243_sf_m2_p2,0.16543440137158608,0.05415885014630227,0.6188143704275288,0.6263473361241126
1436278_sf_m0_p0,0.09808241677924234,0.06300223711707865,0.09529554698414855,0.051867474915577194
1436278_sf_m2_p0,0.1814915435801274,0.08814431710937079,0.268628792951771,0.2551032763975394
1436278_sf_m2_p1,0.1562925414403876,0.0970863010734775,0.12512022371119458,0.035220585533994035
1436278_sf_m2_p2,0.10188542414442318,0.06170014707645432,0.10659850390197104,0.08413593579469528
353684_sf_m0_p0,0.11340187582655273,0.08668849441780246,0.11512050290111105,0.04142609837221496
353684_sf_m2_p0,0.09998750144805234,0.056402113838069215,0.28261303661894827,0.3339650362468109
353684_sf_m2_p1,0.1892837695939066,0.1428134799761175,0.36877250182668275,0.30824582577281373
353684_sf_m2_p2,0.11935506647290507,0.06921236332913368,0.32643823172697106,0.2858987952958028
127253_sf_m0_p0,0.20532658785756966,0.2853904550148166,0.43820446868215945,0.1867310370570413
127253_sf_m2_p1,0.20191191855353302,0.11948181677987962,0.34581044902543506,0.26113030594342856
127253_sf_m2_p2,0.33004199281380975,0.15814724242746264,0.3661418485474746,0.23141088961700698
127193_sf_m0_p0,0.32182721042612156,0.17428636284187898,0.26220819763361053,0.10664599606244751
127193_sf_m2_p0,0.44003476975933403,0.17867017014973924,0.24648917481637736,0.09501349254408595
127193_sf_m2_p1,0.40383259062893606,0.21804886459941328,0.5229217203757196,0.4863275417767529
127193_sf_m2_p2,0.23678594968382913,0.12203606413074446,0.3178819188005749,0.39322022482720786
93101_sf_m0_p0,0.11478811538088313,0.06753520620034746,0.11657333328145149,0.06393744350870592
93101_sf_m2_p0,0.260235838998989,0.20378501029420415,0.22970467617004206,0.04965074458417964
93101_sf_m2_p1,0.119916087647304,0.020612455064985,0.07728321767573705,0.08618970361920417
93101_sf_m2_p2,0.1456180194072142,0.14502245922193482,0.3135686114522163,0.20767630351222466
96481_sf_m0_p0,0.15475192159125806,0.05200617124805072,0.44853487280936294,0.4024293473123704
96481_sf_m2_p0,0.09717762092776493,0.07839754682502678,0.36387828552330503,0.4089393326946741
96481_sf_m2_p1,0.1204874538930039,0.08314061756075346,0.10121439406256652,0.02180595752895182
96481_sf_m2_p2,0.3738836092126187,0.09228375475924072,0.7055558609971906,0.6346433449617624
133078_sf_m0_p0,0.3378962892553948,0.11850915648785315,0.20566226598201867,0.24899654228742452
133078_sf_m2_p0,0.23682016799659386,0.16654512956583137,0.48018311505109573,0.5721667232636835
133078_sf_m2_p1,0.17991511386880216,0.1844950257854327,0.25912632682226017,0.07529445153092333
133078_sf_m2_p2,0.40851492905469966,0.12548341249448286,0.3541971650883823,0.25475208753886136
1344040_sf_m0_p0,0.23254526622514557,0.08472604588368111,0.14706764448727414,0.11429480015785214
1344040_sf_m2_p0,0.07121379970899702,0.040974382795309926,0.08302154897924863,0.05637776095127347
1344040_sf_m2_p1,0.2994078493674817,0.0893761780135705,0.10023881984460487,0.035380747806370384
1344040_sf_m2_p2,0.17804902216104967,0.06611405329138478,0.09360806855238855,0.06028991470166714
1344060_sf_m0_p0,0.05187177905251053,0.00504148614790633,0.008211677589136983,0.004838478183830659
1344060_sf_m2_p0,0.33443705656729245,0.030143445179948564,0.08936364675395458,0.06646548709216792
1344060_sf_m2_p1,0.3761611164482637,0.15792029255144693,0.27121172377557545,0.11379208181238303
1344060_sf_m2_p2,0.14300867411522256,0.04404941540724221,0.08039516075125054,0.03634574618604287
1344054_sf_m0_p0,0.24758063369903693,0.14488690001657506,0.2659070373344825,0.1624779831037892
1344054_sf_m2_p0,0.16681825360177008,0.14806619883292876,0.33971939868774087,0.27918302984874144
1344054_sf_m2_p1,0.25624502880095973,0.0739828037585614,0.28476152088606344,0.32611865685325647
1344054_sf_m2_p2,0.11527274218259796,0.03834461751021344,0.05991019565750251,0.02688797997463438
250143_sf_m0_p0,0.345207071566321,0.15227194048912293,0.6450065734749288,0.6358996146615354
250143_sf_m2_p0,0.26114779682290556,0.03827765256944854,0.268391317762967,0.24192253417108942
250143_sf_m2_p1,0.1946289883576479,0.15773573621087017,0.15068516701000212,0.11656884461238133
250143_sf_m2_p2,0.31735973117353206,0.10041939078241516,0.19950579479049907,0.1731014370311746
72881_sf_m0_p0,0.26114779682290556,0.11875113487445813,0.17186646403836298,0.09833730544052215
72881_sf_m2_p0,0.17317569780357586,0.029492949317832532,0.14996455851610999,0.14852131660117393
72881_sf_m2_p1,0.41395166191071886,0.2425682125708946,0.3349524406280265,0.15636602721627837
72881_sf_m2_p2,0.1439190403897082,0.0687689761062228,0.14691174123683193,0.08394098102016125
92880_sf_m0_p0,0.12257079209807682,0.008609279606740516,0.047620605112184314,0.04320786172169552
92880_sf_m2_p0,0.19674893219963194,0.08791574296186241,0.18313824005805415,0.1420600850212364
92880_sf_m2_p1,0.19515579121928206,0.05643975223201464,0.0787987641256582,0.13050337600721482
92880_sf_m2_p2,0.28885269354162724,0.30859134236041647,0.23069466681435263,0.4378549555567704
354371_sf_m0_p0,0.13286572959197607,0.0715752481255452,0.18502937354019378,0.11823657523271873
354371_sf_m2_p0,0.21018240517130338,0.12180039455305766,0.17537058216417503,0.053570188190183825
354371_sf_m2_p1,0.14332539245197543,0.04379456989410387,0.0480467387721387,0.004269762182875802
354371_sf_m2_p2,0.14496070949224465,0.09895099394019846,0.12909493029513122,0.030295399240734527
54674_sf_m0_p0,0.24334074601506886,0.31798895741643596,0.44336149505326433,0.12537254205421375
54674_sf_m2_p0,0.2812395168388264,0.07368103603792478,0.21210802937954487,0.14532811148604696
54674_sf_m2_p1,0.19712533364004428,0.11197269017057088,0.10925450588789014,0.07787558785204879
54674_sf_m2_p2,0.2289396109893987,0.1482279163424718,0.3575588334957803,0.2283444151267931
104442_sf_m0_p0,0.33525590874950023,0.1049236850762776,0.27370580001826417,0.23729360109943384
104442_sf_m2_p0,0.18767550889396298,0.06448813501331717,0.22924004888336197,0.17860089937754056
104442_sf_m2_p1,0.12382732037378734,0.10477441766724563,0.6449848439649597,0.6587892474353647
104442_sf_m2_p2,0.07352194427118723,0.10568750439291887,0.5343735859137043,0.5751309542527618
68380_sf_m0_p0,0.3437205643978427,0.10962360998205434,0.2075498170292976,0.12485506467014439
68380_sf_m2_p0,0.245389865907377,0.14431578509623533,0.17949922174448552,0.2108823000248653
68380_sf_m2_p1,0.30607246260945487,0.1686444133656336,0.26257661464286086,0.09758458533584498
68380_sf_m2_p2,0.2500944860251734,0.07411815231766572,0.11948455010814028,0.08644555933003023
1344044_sf_m0_p0,0.3099534558967507,0.15985640002580465,0.2875439047451147,0.15543196393649975
1344044_sf_m2_p0,0.2577649585074873,0.034601320562698046,0.038068489232087124,0.017854584646488526
1344044_sf_m2_p1,0.36338495339156185,0.14780019924067767,0.18795093783531866,0.10231722566177465
1344044_sf_m2_p2,0.28457620022074803,0.2154074746922759,0.2771415839382889,0.11516503523267371
682289_sf_m0_p0,0.0034036159932388822,0.008652202746791711,0.01135297150673995,0.00483517718298983
682289_sf_m2_p0,0.05603845546265635,0.05844196504045908,0.08328719447846429,0.02515229381704158
682289_sf_m2_p1,0.04871788512272998,0.06274271064558905,0.1357429788001142,0.08523031022320504
682289_sf_m2_p2,0.054866597616670724,0.036428327920588546,0.08077246484939112,0.04478838770271672
72879_sf_m2_p0,0.31422039992104445,0.24334640777942865,0.41315251183422663,0.34100236685418506
72879_sf_m2_p2,0.23726102718895845,0.16157076054244413,0.21993330311681797,0.26788635049765847
59941_sf_m2_p1,0.1922090374479356,0.1094538947835416,0.27475935808484037,0.1769876993670802
67122_sf_m0_p0,0.3017609552010954,0.02908891406261286,0.13092154356327432,0.11932442069020718
67122_sf_m2_p0,0.14888069574059803,0.04994505235244848,0.16698408313016694,0.14028306823319722
67122_sf_m2_p1,0.16625325355379386,0.032941592553874646,0.11140983975691855,0.07863616633016687
67122_sf_m2_p2,0.08073293643279483,0.029366099551291887,0.04953965800967098,0.041714787051286284
1436277_sf_m0_p0,0.1748245430140079,0.010828079050562774,0.010231252203637886,0.007155619713244474
1436277_sf_m2_p0,0.30873353325795133,0.056056240909688755,0.03230250121204322,0.03565487453755315
1436277_sf_m2_p1,0.06672356129954539,0.036850042455535144,0.061559313551459986,0.024709283336419627
1436277_sf_m2_p2,0.2324394281879895,0.1705924868347077,0.17218794466977227,0.22699477930111284
101902_sf_m0_p0,0.14794566044993315,0.10363578988696867,0.15207085292627404,0.05032070068141746
101902_sf_m2_p0,0.23111446328674942,0.16356075210328494,0.3904955441264153,0.3325207941207087
101902_sf_m2_p1,0.2011622987715702,0.1591945366577761,0.3498432678213541,0.2215678270655397
101902_sf_m2_p2,0.3446293391228974,0.0997963118274917,0.4703998462743471,0.4949999955267678
75660_sf_m0_p0,0.29114372894743507,0.1615355691691381,0.4107166976952034,0.4046832741662922
75660_sf_m2_p0,0.21876483547753384,0.1838858833883372,0.22893901503483008,0.08141816107742629
75660_sf_m2_p1,0.26090190243582856,0.20952324558803948,0.33226285688229584,0.14683478493796176
75660_sf_m2_p2,0.14030463163209125,0.07027049945563174,0.37618271958146876,0.4395152600842101
321050_sf_m2_p1,0.34568135329673483,0.18728238197197422,0.23555446052997092,0.302048918309093
321050_sf_m2_p2,0.17244756393893046,0.08472754971012496,0.8999291685766891,0.8634256105679234
83023_sf_m0_p0,0.03565691429536514,0.05594523149417262,0.048044813610680775,0.007900489044694757
83023_sf_m2_p0,0.0402607893341844,0.043006993382592965,0.1735081965451036,0.21651518314525517
83023_sf_m2_p1,0.05436517996845971,0.029718561760586217,0.02579393085940238,0.05531908224486832
83023_sf_m2_p2,0.06765175292765732,0.06328058999924341,0.07389657098063837,0.010615980981394954
75654_sf_m0_p0,0.3404101415815313,0.19066123726217013,0.27031576729249196,0.26000071880838455
75654_sf_m2_p0,0.10509876244544855,0.058090756274197033,0.9491669408393082,0.9729811637324299
75654_sf_m2_p1,0.13707299051261032,0.1262713163162551,0.17100282564904312,0.19110030148230717
75654_sf_m2_p2,0.22847806165443219,0.14893114424900938,0.41545123761836866,0.28944321974388815
682292_sf_m0_p0,0.4893401753544878,0.018817922345699827,0.15112314530316878,0.1462306373041803
682292_sf_m2_p0,0.32651511927489335,0.09612193569542946,0.5413335515738349,0.6323425433955004
682292_sf_m2_p1,0.11202120669523054,0.07093503213306643,0.06291692120170121,0.11548300121560778
682292_sf_m2_p2,0.1915596852801207,0.4246973744214422,0.42263973909880487,0.08787266391011299
39085_sf_m0_p0,0.7183442440958387,0.14210401181947407,0.12819023101486657,0.15938558773329764
39085_sf_m2_p0,0.34283486713953626,0.10555050425524812,0.21883419026976636,0.19676843826774382
39085_sf_m2_p1,0.2225002019919006,0.026777636178821153,0.4671702464730461,0.48788090214245566
39085_sf_m2_p2,0.22202194138790948,0.02070383996694655,0.06637362092458984,0.07767925174605729
133077_sf_m0_p0,0.2600655432098807,0.11552674823224264,0.3607427550390449,0.2621731814038655
133077_sf_m2_p0,0.16982309892734507,0.07606406116257171,0.11537093783942728,0.06430701992172878
133077_sf_m2_p1,0.10740173447198828,0.12789663773601723,0.9457760796746275,0.9555852933722365
133077_sf_m2_p2,0.10852616414493252,0.10966937304494942,0.9288708226721824,0.8429362871250428
441708_sf_m0_p0,0.32206753439019037,0.16289547982061675,0.2401503981530373,0.17609979039214518
441708_sf_m2_p0,0.28219683382152416,0.13749954391951918,0.137729719722567,0.15603318740104086
441708_sf_m2_p1,0.3023848425780156,0.2664982100350547,0.5457556295302735,0.58233155339742
441708_sf_m2_p2,0.20938583468112842,0.18381784701352902,0.7387298465745701,0.8221528919390234
64444_sf_m2_p1,0.21817357486394742,0.07751715368724549,0.12381114562399964,0.04851169519935476
64444_sf_m2_p2,0.2873717567961571,0.06355614368915508,0.11498845687870238,0.05463156384520684
84997_sf_m0_p0,0.20552075688814175,0.09823759169480348,0.18734380486088448,0.11967080044116929
84997_sf_m2_p0,0.2545937962663813,0.10011050372327714,0.14344086639337816,0.10931907716338553
84997_sf_m2_p1,0.7541206837534657,0.7850783849349134,0.8721204853881794,1.4843111429141833
84997_sf_m2_p2,0.7847946159355668,0.8690152943197456,0.6935915589970053,1.1173676963334462
306466_sf_m0_p0,0.2569142753366611,0.07111635217866827,0.3555658002066081,0.425299368515245
306466_sf_m2_p0,0.2228893358277603,0.030214755653275922,0.2812513432039628,0.2603028503013136
306466_sf_m2_p1,0.26576408594728596,0.08667134612052244,0.6670696492246272,0.6665485357625935
306466_sf_m2_p2,0.33506492281778993,0.07083757219932196,0.32334202570606885,0.28249960782970635
1436273_sf_m0_p0,0.1522746749020327,0.024326301979869097,0.03253157511692212,0.030451804647766915
1436273_sf_m2_p0,0.2516223734788556,0.46842699847984676,0.35436928791207073,0.16581204823591186
1436273_sf_m2_p1,0.1894469034105758,0.2857955572121386,0.5971589333103486,0.31175421061659453
1436273_sf_m2_p2,0.19346874882250797,0.25643725373182097,0.4162888196604032,0.15985156592858224
75359_sf_m0_p0,0.2929206938870561,0.07006118826214533,0.19122751670272323,0.1467844782113346
75359_sf_m2_p0,0.2676309734297539,0.09075809223484495,0.1133071028758186,0.051699312543717076
75359_sf_m2_p1,0.27419691060701007,0.0852307648348547,0.11029257887579941,0.03299254447835187
75359_sf_m2_p2,0.2392544428511844,0.056889094659284545,0.09074835246617147,0.03423646770310413
84993_sf_m0_p0,0.4969756337493215,0.07820380930040403,0.1623258503926734,0.11088994142662824
84993_sf_m2_p0,0.25872227549018506,0.07073178432003276,0.4511451871929074,0.4506031789707596
84993_sf_m2_p1,0.34683761395829743,0.11403021429659588,0.1519560997379803,0.10671419241391299
84993_sf_m2_p2,0.27183186815266447,0.12979171209261164,0.5215504871815279,0.49169614058936695
1356107_sf_m0_p0,0.40385566809568446,0.20391108769564617,0.2625320974440577,0.05955413082644504
1356107_sf_m2_p0,0.28475365798229546,0.1459285574738778,0.2519719168348455,0.1260708711760653
1356107_sf_m2_p1,0.3223237738485683,0.12690105495043907,0.26404348878687967,0.20105356023816487
1356107_sf_m2_p2,0.3513966073031648,0.0883181883439225,0.1517770715908171,0.12297926729829368
252119_sf_m0_p0,0.37326688380813766,0.2411419739067583,0.4002862470320432,0.16213406652287177
252119_sf_m2_p0,0.4577582642220476,0.10120077966586924,0.20075966193629582,0.1386744462357854
252119_sf_m2_p1,0.18048409279035568,0.09375429980800898,0.783863001221244,0.722454136003535
252119_sf_m2_p2,0.28939302457342425,0.35389734244779025,0.5594426806337657,0.7112491601308787
46461_sf_m0_p0,0.2846581650164403,0.36823336007691543,0.7032181632720631,0.33498480319514773
46461_sf_m2_p0,0.22391349788655662,0.392251994807266,0.5347218449432294,0.1425717134842272
46461_sf_m2_p1,0.13317608173100526,0.07751812981768162,0.34919659582458495,0.31992313583782966
46461_sf_m2_p2,0.09213718388004459,0.04519697458049059,0.6313676660897528,0.6400431371602773
70558_sf_m0_p0,0.3093335473934078,0.19328660232203393,0.24397261021647237,0.3560751732015825
70558_sf_m2_p0,0.24714773225382697,0.297929954574868,0.4513873330191115,0.2161187222980116
70558_sf_m2_p1,0.27693357985347516,0.033411072540251954,0.6903450809782933,0.7156709033329477
70558_sf_m2_p2,0.27976574206579546,0.03398629698123985,0.09724242989229356,0.06325613994524303
46583_sf_m2_p0,0.33815173293905726,0.14160774866036144,0.22027553846865192,0.23985229306536326
46583_sf_m2_p2,0.32065025962195703,0.20271261869388957,0.254776992053204,0.17022538503296533
73453_sf_m0_p0,0.3540600652758077,0.09151864342003992,0.1049661795618982,0.05855495744574862
73453_sf_m2_p0,0.3580270022323732,0.30772175464540136,0.3629192754961895,0.05519753405166796
73453_sf_m2_p1,0.48777170339031717,0.32824482126397725,0.42164152891886547,0.09701605798544886
73453_sf_m2_p2,0.08503091567099147,0.030789437543882595,0.11662081020823806,0.13606663615881437
72948_sf_m0_p0,0.27744128412193836,0.1577609263683562,0.17579018028582874,0.042160473298478406
72948_sf_m2_p0,0.2721199385996608,0.1804888971210258,0.3953134195081299,0.28046370740378695
72948_sf_m2_p1,0.2590413811510843,0.13522985571894353,0.21894840642374735,0.08606248828676595
72948_sf_m2_p2,0.33787957798637014,0.1726372026373804,0.6273756938410208,0.5539412753296611
87355_sf_m2_p1,0.33592913415877895,0.3546373214792521,0.4133814384239986,0.4118449292637806
87355_sf_m2_p2,0.29305677136339964,0.09537842553089561,0.2610040503269965,0.19953707052795036
127249_sf_m0_p0,0.12644701073707992,0.10311707036463057,0.12417599176129807,0.02197132319244979
127249_sf_m2_p0,0.24495059826444335,0.10143624926483893,0.18539281942276453,0.21160369233486323
127249_sf_m2_p1,0.20613350341904554,0.13944113295978172,0.6608314408801399,0.6633161730285935
127249_sf_m2_p2,0.14160254019300567,0.13900108037845407,0.21935151130035516,0.08038039395351063
282141_sf_m2_p1,0.3047968357405733,0.22255774292792457,0.33409446834220474,0.27528064841935856
282141_sf_m2_p2,0.30293233558225174,0.17619588729637947,0.18944113173479107,0.25102650016007216
76948_sf_m0_p0,0.17044459898011893,0.03582333735029986,0.09047313951395328,0.09858966963458002
76948_sf_m2_p0,0.09657919834173938,0.04777102303032621,0.7109274988882148,0.7050037507825662
76948_sf_m2_p1,0.27957396035936977,0.08565271003090008,0.3062470501850113,0.2912179772367968
76948_sf_m2_p2,0.2897797710851375,0.1821935011543703,1.0054781379758189,0.9432252007477768
75651_sf_m0_p0,0.29835742674307525,0.15409119816230715,0.40462035195930207,0.3803283941823359
75651_sf_m2_p0,0.26573145918395213,0.17688317766782855,0.5700513813167148,0.4295961352222395
75651_sf_m2_p1,0.2953852081808341,0.1373152895081923,0.1702316797852654,0.15802432135938882
75651_sf_m2_p2,0.08130748577735658,0.08148645626636944,0.17688952590596793,0.23522637416415082
77513_sf_m2_p1,0.30164875096621563,0.16872016203790488,0.6727224884350429,0.7851360086750574
77513_sf_m2_p2,0.2630393533215527,0.14171970892748698,0.5869773909590172,0.5511416628931631
75665_sf_m0_p0,0.11221139685222535,0.08772143729792037,0.34613491274818237,0.35294904238189
75665_sf_m2_p0,0.17623704313394845,0.14140423942077052,0.24872966942019517,0.11128958004299108
75665_sf_m2_p1,0.24253223890416203,0.25537175114444954,0.42329888845575364,0.25494001995123877
75665_sf_m2_p2,0.2149753562825158,0.04215390886985082,0.39586507577858476,0.40033207511841956
69689_sf_m0_p0,0.15022714655915548,0.11941309233839151,0.2944393079077027,0.40298944944792126
69689_sf_m2_p0,0.28907630623667135,0.02334470759852753,1.1180823391349646,1.1080687688871236
69689_sf_m2_p1,0.2638924238165253,0.06947044649044024,0.5425421217669754,0.602187819349267
69689_sf_m2_p2,0.26785060725122073,0.11826553517189686,0.09727079123016145,0.19405192596824647
437347_sf_m0_p0,0.10446532577194281,0.055870258739450986,0.10933623122384907,0.05364013395610951
437347_sf_m2_p0,0.2512340354177114,0.19178701378891005,0.3336461858839841,0.39806501239144615
437347_sf_m2_p1,0.18962754427098508,0.10681159334476198,0.220371494918975,0.11860397943632309
437347_sf_m2_p2,0.1309646237967434,0.1637417694971872,0.2459599851579197,0.21491212331541865
70559_sf_m0_p0,0.3006707438409159,0.10800343510880014,0.20020915959246788,0.21815051643924382
70559_sf_m2_p0,0.1500990268299665,0.06403635936676261,0.8138047365405511,0.8778305839830309
70559_sf_m2_p1,0.41635251422726,0.17693131364664494,0.41381308397714794,0.468313953750636
76277_sf_m0_p0,0.16522113374784292,0.13178328806281825,0.2757473505505065,0.18631568433634005
76277_sf_m2_p0,0.20226365097776614,0.09830640281097698,0.17806860433630492,0.15519799604299506
76277_sf_m2_p1,0.14674563217902026,0.07642317660324793,0.08961430625811025,0.018473281456903922
76277_sf_m2_p2,0.24684613363666785,0.197332532386306,0.5426054508302655,0.5410892038031901
81589_sf_m0_p0,0.37570354598687455,0.30043472886210587,0.47594805471393337,0.19924770683045168
81589_sf_m2_p0,0.27312102319170883,0.24967294563674583,0.3059841255682506,0.10278634715555514
81589_sf_m2_p1,0.17606117692183193,0.03711408161213353,0.038053834527735086,0.03875482974087493
81589_sf_m2_p2,0.1387799272772709,0.08655657413503029,0.4644249284981731,0.3994829519835194
60435_sf_m0_p0,0.28673513702378955,0.1436566340791449,0.280577661604991,0.2713120776213564
60435_sf_m2_p0,0.40203334399728224,0.19555334185956116,0.23693480472301504,0.15543530524469895
60435_sf_m2_p1,0.31047468833537667,0.1402573452090068,0.29843084524576724,0.22812363454601794
60435_sf_m2_p2,0.44048040359999135,0.21123976821420087,0.26474345044454517,0.11620592614407597
1436276_sf_m0_p0,0.24822839431742097,0.046103559307603015,0.2608949264037331,0.23757314013846534
1436276_sf_m2_p0,0.3364177398340711,0.13671898466780874,0.2824524501895243,0.14637902388035354
1436276_sf_m2_p1,0.18912143155195285,0.13459637853839135,0.21990813998845457,0.08765216488612988
1436276_sf_m2_p2,0.23269646342108288,0.1140512065289911,0.2283756496091589,0.2514494478456822
77319_sf_m0_p0,0.12257079209807682,0.0116201757781179,0.047620605112184314,0.056300691830834845
77319_sf_m2_p0,0.19674893219963194,0.0725315361024224,0.18313824005805415,0.1601717393749904
77319_sf_m2_p1,0.19515579121928206,0.0364091781074356,0.0787987641256582,0.10270428738417971
77319_sf_m2_p2,0.28885269354162724,0.3494922496868229,0.23241967355811444,0.4717915484330902
84986_sf_m0_p0,0.7010226158644323,0.07047876849942944,0.15714843488621838,0.10504915364076206
84986_sf_m2_p0,0.19082836831661343,0.11808246199862557,0.40439125946638854,0.47252481065049795
84986_sf_m2_p1,0.27477464305043364,0.14720483334822518,0.22043431735465277,0.2711166212668545
75661_sf_m0_p0,0.13991390624680067,0.06456929233906321,0.16497120415379737,0.1373478648001913
75661_sf_m2_p0,0.2878906019106367,0.23169443642660983,0.3602720028164065,0.2485764856337853
75661_sf_m2_p1,0.2750133754650715,0.09601331481443745,0.216070547628134,0.21902104538045647
75661_sf_m2_p2,0.16231416871226945,0.17869802085287698,0.798624007012452,0.8381546599239481
83022_sf_m0_p0,0.11761231984604882,0.15815038428756578,0.16525585231810525,0.09520875577792262
83022_sf_m2_p0,0.16449538720734388,0.059754244698333674,0.1891091306746853,0.13841809500945632
83022_sf_m2_p1,0.08998222595058032,0.11039270930044916,0.5183972997758473,0.4245370186750945
83022_sf_m2_p2,0.03503191283384327,0.027274936418441056,0.03397661147385054,0.013339306895133697
75655_sf_m0_p0,0.24158287966861888,0.2194165250564128,0.4554524107743959,0.5142607752144972
75655_sf_m2_p0,0.2775097207474678,0.1263070261118556,0.1542143529384695,0.0946465634717738
75655_sf_m2_p1,0.14829420977530441,0.07053653949803008,0.9787579178637901,1.036161740519318
75655_sf_m2_p2,0.05389121654793204,0.13172445524430543,0.15599692026440357,0.024272473632219127
40886_sf_m0_p0,0.35695270636650284,0.33755075258406964,0.6280432564273886,0.6141597556463801
40886_sf_m2_p0,0.2940419404611385,0.14215343142271814,0.47954919227082204,0.4180763052393118
40886_sf_m2_p1,0.23452754104135512,0.14789882911796676,0.13289011637853743,0.11520938847928192
40886_sf_m2_p2,0.29881818030332624,0.17584397562682982,0.2825845746724601,0.19776536645845033
338509_sf_m0_p0,0.03363214510935005,0.020135578108801698,0.04849581261475629,0.028360281570007504
338509_sf_m2_p0,0.067248533879334,0.024337283483511437,0.021225155470549994,0.008857698720432815
338509_sf_m2_p1,0.07775984251836668,0.02800815690955988,0.04346577979307098,0.01609083954147991
338509_sf_m2_p2,0.08766095110558504,0.035610424181115326,0.0519905707238081,0.028445955541403653
39084_sf_m0_p0,0.7950410111718231,0.13836528472969659,0.15185361922175658,0.15435186890121463
39084_sf_m2_p0,0.2837135804291899,0.10612081692229099,0.23493195355882676,0.2638812280487637
39084_sf_m2_p1,0.37105622164859114,0.2796639449488798,0.22183879504853463,0.2935683677607236
39084_sf_m2_p2,0.2540884793220645,0.04819963347060413,0.24046888508640335,0.2883999660681037
398259_sf_m0_p0,0.4329921635275177,0.29385910908382107,0.4437303804782692,0.19864081756201796
398259_sf_m2_p0,0.39253816009241976,0.23235718157930743,0.7299487135694238,0.8358589625833877
398259_sf_m2_p1,0.21359627870062453,0.252716931817574,0.5177444528378113,0.5557290341080513
133568_sf_m0_p0,0.22837540671613793,0.1243135019537103,0.28809758189182416,0.20740917849455492
133568_sf_m2_p0,0.22923325185940324,0.11566531059830626,0.20366296170494297,0.11939183018035376
133568_sf_m2_p1,0.20689505982174028,0.15369014454694316,0.30524659495056145,0.30928847403578597
133568_sf_m2_p2,0.2901521936519726,0.15435729294727932,0.3880833292707826,0.39669057025398946
75652_sf_m0_p0,0.32220599919068027,0.1985897531620852,0.2813733999344213,0.2657898833924208
75652_sf_m2_p0,0.20884789097347783,0.059032788546863904,0.2117237405004254,0.18621389695669444
75652_sf_m2_p1,0.06502712876112887,0.05039309666821527,0.5816536910726282,0.6131254659971033
75652_sf_m2_p2,0.12907386307281166,0.03965703576649122,0.6472909732746748,0.6791740413560566
1344059_sf_m0_p0,0.22746583621636776,0.1161307686649292,0.10010628228106726,0.036519247720251446
1344059_sf_m2_p0,0.4138450280988472,0.16037090086841127,0.23868825113182796,0.0788108208996881
1344059_sf_m2_p1,0.5867851765866471,0.19991097822664114,0.2704509903874951,0.08133257017207862
72286_sf_m0_p0,0.13275113803294988,0.1114556367196559,0.22257416867187996,0.18850255502114058
72286_sf_m2_p0,0.1838836423747986,0.15079024868130209,0.18008486752672678,0.03207835451451066
72286_sf_m2_p1,0.18695374122704125,0.08066857759807637,0.14660641018654746,0.11767062532409935
72286_sf_m2_p2,0.4538144047322304,0.15951946878818737,0.2666666810197625,0.21528788419776673
370517_sf_m0_p0,0.29870438451901554,0.36366052162874785,0.45622785125164644,0.25577878827704165
370517_sf_m2_p0,0.12482442609225805,0.1402821810243882,0.43883189892235724,0.3469466911894535
370517_sf_m2_p1,0.24079983734860674,0.24357226615394062,0.6665376816624567,0.6795931546761034
370517_sf_m2_p2,0.021060496154521234,0.012804628123472252,0.5659031570038918,0.5530985393705987
1344049_sf_m0_p0,0.4018829425760604,0.17899187956098278,0.20914397376548488,0.047097961326310014
1344049_sf_m2_p0,0.2842284466700922,0.1525930575795829,0.23298647802231903,0.10221628337349971
1344049_sf_m2_p1,0.2957138631383188,0.1040430709026336,0.22855054238099437,0.1426210634858391
1344049_sf_m2_p2,0.3289820208928177,0.05291684770940699,0.10247089273127342,0.054446635866630344
73400_sf_m0_p0,0.18244886056282514,0.03703755497746683,0.054396843713745,0.017359296581157726
73400_sf_m2_p0,0.5293318336799038,0.12823119232635039,0.4349698287945317,0.5117696964111512
73400_sf_m2_p1,0.33374473256484266,0.16457338245477024,0.4381264739266181,0.28651419967541325
73400_sf_m2_p2,0.16601611268858696,0.02021424422148434,0.04107828021322764,0.03722503837577115
90889_sf_m0_p0,0.22230523718661302,0.09259103156037762,0.300574815977813,0.3292275507183238
90889_sf_m2_p0,0.35221625526008804,0.07217397222940893,0.1598061947009629,0.155044410182901
90889_sf_m2_p1,0.1679530283460153,0.06321631004837659,0.19635205467263242,0.16687327942156327
90889_sf_m2_p2,0.3173294917343446,0.09987808746642365,0.1850003947140691,0.09659360479736931
54679_sf_m2_p0,0.2530149792309097,0.12525868207712965,0.27512168043496343,0.16527970907067982
54679_sf_m2_p2,0.2469583378715476,0.0420795875404997,0.09561328790762012,0.11264297752801036
527631_sf_m0_p0,0.23208689998904092,0.09323495746609166,0.15061715522208308,0.07201663304430224
527631_sf_m2_p0,0.26569485354704103,0.10635841941104687,0.16582129717764227,0.06730481642123674
527631_sf_m2_p1,0.3589294107597042,0.17475288536733982,0.23293568914921386,0.08856410532311261
527631_sf_m2_p2,0.2874433765205485,0.1559691265144119,0.27324153109067756,0.27951332883001684
53159_sf_m0_p0,0.2500459437675304,0.10241822691287404,0.23221665022626453,0.14940145349517014
53159_sf_m2_p0,0.2941613066684574,0.23067786309746846,0.18717540507553165,0.14896479365237597
53159_sf_m2_p1,0.32086671034456204,0.16897704823121068,0.1813662572279572,0.08671167066464698
53159_sf_m2_p2,0.25698430351162155,0.2433843472543552,0.2778485219980093,0.18542101868330024
93497_sf_m0_p0,0.27995036179978205,0.2184260396361088,0.3312946775882461,0.17180405163203186
93497_sf_m2_p0,0.3248790064599087,0.06873610988743949,0.14724878431204988,0.10320264153356373
93497_sf_m2_p1,0.3947997518337556,0.260869799363038,0.34944022852093387,0.10810514262488718
93497_sf_m2_p2,0.25640338796933615,0.23161174079236374,0.2804074093336189,0.05801939866039098
80557_sf_m0_p0,0.29060180636620714,0.33853692082180803,0.21693356801452798,0.3187082963174211
80557_sf_m2_p0,0.2569819161874752,0.21826108501893074,0.3063945824533531,0.12236364690789596
80557_sf_m2_p1,0.13228640559912158,0.017174342284692706,0.04325334567425348,0.02607900338956077
80557_sf_m2_p2,0.2784049673023598,0.24833870185451382,0.3838344045582565,0.38876174103858263
67120_sf_m0_p0,0.2732905232061017,0.0320200801372777,0.2467527253123298,0.2202710430128174
67120_sf_m2_p0,0.19967579160309187,0.05008519630698426,0.17728465323597448,0.13687829395870807
67120_sf_m2_p1,0.1811907407376837,0.11484785491459723,0.1759834076111848,0.07726331654545068
67120_sf_m2_p2,0.18655028344630328,0.05167999462340777,0.09471163302847918,0.04849973725904686
1436275_sf_m0_p0,0.15306885806806125,0.012871693490405817,0.1549117762911204,0.1558582230717518
1436275_sf_m2_p0,0.22199647659701474,0.1144249769150348,0.18074510846988467,0.28673321474648233
1436275_sf_m2_p1,0.6021070229581038,0.1558528444268785,0.22298471324713373,0.37662099272680705
1436275_sf_m2_p2,0.1159141366032583,0.07167049521541316,0.15615126684115582,0.08818168793396886
80650_sf_m2_p0,0.3487148465120664,0.12468388993885407,0.34161726825817634,0.23058271006331243
80650_sf_m2_p2,0.2950191518117227,0.2591641637846452,0.4136188073380278,0.45370280937118673
1344038_sf_m0_p0,0.24718274634130719,0.009191267831989071,0.06113399215736839,0.06675590362742181
1344038_sf_m2_p0,0.3332632888619897,0.2006610445666611,0.25365573925632084,0.05639246395762112
1344038_sf_m2_p1,0.31743055512320795,0.47026054152577507,0.340256343132094,0.1463421282324048
1344038_sf_m2_p2,0.41389197880705936,0.10609606591848773,0.18540060165461136,0.09334020283463344
75662_sf_m0_p0,0.1825769802920141,0.13406909266173872,0.39067387823018956,0.3162628153048436
75662_sf_m2_p0,0.26875460732798273,0.19261075433512964,0.232688067559269,0.27523157667134546
75662_sf_m2_p1,0.14870244220433512,0.07462345728408615,0.5210209550611367,0.5807850336949595
75662_sf_m2_p2,0.2457766124190903,0.12145718291988856,0.3169215662193936,0.22606686987681662
81363_sf_m2_p1,0.1454978574251798,0.12788606467290303,0.7384451903732201,0.8286403183501682
81363_sf_m2_p2,0.4918285628897296,0.08567297117874256,1.1590775511510696,1.1697532868227558
682290_sf_m2_p0,0.02576702613163476,0.017971642554747723,0.023932065434009202,0.018274720536262414
682290_sf_m2_p2,0.01497003436975213,0.05484092535662717,0.07740485119694812,0.05998042160961661
75656_sf_m0_p0,0.22546605435641806,0.22001530628545515,0.39213230612309086,0.2350917674446782
75656_sf_m2_p0,0.22696370237091282,0.1605289780056858,0.2662440984061237,0.22994760765719077
75656_sf_m2_p1,0.16223936588901627,0.09812023607925055,0.13987134986108746,0.1990944770834939
75656_sf_m2_p2,0.24282269667530473,0.12587756522212612,0.11801036413172594,0.15700242900505879
39087_sf_m0_p0,0.5193599807204811,0.14328965762246312,0.12239167866001623,0.09865627716355128
39087_sf_m2_p0,0.278116101080648,0.11411605907368237,0.21720179398495396,0.22463544923905063
39087_sf_m2_p1,0.07945826449357184,0.043264188121794625,0.09424481053279817,0.12302134865923081
39087_sf_m2_p2,0.27744048834722285,0.0396776517595774,0.17818044620362924,0.16276018032245543
120628_sf_m0_p0,0.37879592653115,0.19886496555035238,0.40002452908016156,0.21325224220971042
120628_sf_m2_p0,0.296574891380446,0.12005816779845555,0.1983513288539485,0.10127191107364952
120628_sf_m2_p1,0.06915966643598148,0.1260713101116193,0.19812591545322433,0.0720546061832874
120628_sf_m2_p2,0.25783100780887047,0.16982838533775974,0.2048647918975179,0.1713759762143942
59942_sf_m0_p0,0.089153824471787,0.006082322779607305,0.10890920455599648,0.11192586817205362
59942_sf_m2_p0,0.2333346747428814,0.06394683476724308,0.1404989075618159,0.08757612953528972
59942_sf_m2_p1,0.24211843605212308,0.08365631558308997,0.14962385773843087,0.12279954269143135
59942_sf_m2_p2,0.2935159333742198,0.12386527170708748,0.1911507776238786,0.06741317944679485
351479_sf_m2_p2,0.08448501421618626,0.10961459449719191,0.14359870546430792,0.04291981368895707
67121_sf_m0_p0,0.2994850395148813,0.023608898691918755,0.13671518434935895,0.13201188908073172
67121_sf_m2_p0,0.15356780881465434,0.09844884493754458,0.13107925554703342,0.04274144377232035
67121_sf_m2_p1,0.17623943045809484,0.10616906814258695,0.1968720744024267,0.27752195306816935
67121_sf_m2_p2,0.271134769501922,0.13730517385566304,0.2655000468739957,0.13982092922971492
1436274_sf_m0_p0,0.3327333029014937,0.20165642487342578,0.2543532182754023,0.1332638506926744
1436274_sf_m2_p0,0.31579682963236966,0.33593800765776516,0.3458959044519406,0.038839156607103464
1436274_sf_m2_p1,0.32305031616378277,0.22142680127523698,0.19927858290123476,0.05277787609613068
1436274_sf_m2_p2,0.4052777175122105,0.22457954498915997,0.27677815165461783,0.12080832673738041
274379_sf_m2_p0,0.2685453185778168,0.20066100086660824,0.33624084647699404,0.4253396762452123
274379_sf_m2_p1,0.34152024730959724,0.0992756298102366,0.29982063906127393,0.24257521863501585
1344039_sf_m0_p0,0.017465663454904596,0.017768821436340197,0.2799377205820988,0.2943807099059863
1344039_sf_m2_p0,0.015074201280005776,0.0901771858904205,0.1667379839485541,0.1213998311378511
1344039_sf_m2_p1,0.16084994323582402,0.052938246672572256,0.06887028361285562,0.04757140896086698
1344039_sf_m2_p2,0.1791503743672456,0.04399282882877689,0.11749200415048612,0.10248021846211279
75663_sf_m0_p0,0.23286755498490666,0.136898166833733,0.19233571341107583,0.1447496123396633
75663_sf_m2_p0,0.26607682541046157,0.09663017864410701,0.21606668322701764,0.20096598716444544
75663_sf_m2_p1,0.23123223794463743,0.0832373371198681,0.47233767700878276,0.5195846658191429
75663_sf_m2_p2,0.15436517507954475,0.08118397101826316,0.41369640248326156,0.42359601989929535
64764_sf_m0_p0,0.30077976497693387,0.06251926626360063,0.2776001409625054,0.25045785507617
64764_sf_m2_p0,0.2299040899445356,0.11589965901844125,0.15689462060043727,0.11865132371728435
64764_sf_m2_p1,0.17192076107729626,0.07066016275269385,0.07289609803754614,0.008329395796977931
64764_sf_m2_p2,0.20170820022637542,0.0708400125967442,0.19547667850663641,0.13585738334893327
682291_sf_m0_p0,0.5137012267188488,0.0172890310311974,0.15007709590473947,0.15487720487073675
682291_sf_m2_p0,0.43847823441589534,0.06868571520670809,0.20903619643849214,0.26075671218126845
682291_sf_m2_p1,0.19783436891151868,0.08223192755107234,0.15004675128287034,0.09145456722344729
682291_sf_m2_p2,0.07210275964363681,0.23105144885782042,0.5634190265294591,0.788629097731375
75657_sf_m0_p0,0.23248797044563252,0.19624021918857643,0.7886423326662512,0.6857450501727519
75657_sf_m2_p0,0.2032400665536349,0.19487318807724907,0.26178944540491433,0.15071154297671122
75657_sf_m2_p1,0.17667869810102846,0.33158913312260196,0.379349102358246,0.06557941334499698
75657_sf_m2_p2,0.24850532391840083,0.05126139702924354,0.18163659933435886,0.15185886438359392
73068_sf_m0_p0,0.4409443402591043,0.09261341850691071,0.27614523761471427,0.2743425895137878
73068_sf_m2_p0,0.23643342148488058,0.1942409871628743,0.2577126673542009,0.08135111187404312
73068_sf_m2_p1,0.3196969215128366,0.10261218307414056,0.20444376429283254,0.16413465443154432
73068_sf_m2_p2,0.21876244815338744,0.11874639507134999,0.35459851020896516,0.31836467195753354
39086_sf_m0_p0,0.5538106597021527,0.16615076306689638,0.13333920610300498,0.11224366195535189
39086_sf_m2_p0,0.37888266597513515,0.14450542733273683,0.21535987111315896,0.20683735649943025
39086_sf_m2_p2,0.10921132617494313,0.03279701049520037,0.20760193308090408,0.17681797593295884
486700_sf_m0_p0,0.39698097032883006,0.09592280350988823,0.11508033446194413,0.05299978812628113
486700_sf_m2_p0,0.35885619948588193,0.1115976066544754,0.22006450179782092,0.11197868170756359
486700_sf_m2_p1,0.3186194425481044,0.1583824419114205,0.6024869588109469,0.7578133487251394
486700_sf_m2_p2,0.11978001017096045,0.21847687166148244,0.560263796626926,0.7659591661210234
75496_sf_m0_p0,0.36650439027616294,0.17027128318354223,0.8158283672863287,0.805601364916455
75496_sf_m2_p0,0.18346029022617413,0.05331051012513507,0.17464153354772077,0.15729296164057774
75496_sf_m2_p1,0.16706335221413163,0.1002384784978652,0.3846377968351456,0.41298802704062476
75496_sf_m2_p2,0.22860458983419024,0.15813862584183921,0.34006223837124316,0.21282854034969387
85699_sf_m0_p0,0.18321917048738992,0.2195408449228834,0.2179564915777939,0.15709606703356782
85699_sf_m2_p0,0.05289045026577021,0.011376569006184866,0.13532326410983747,0.12394669510365255
85699_sf_m2_p1,0.19639162935239063,0.15374635298666997,0.40293600473013935,0.2518572572025746
85699_sf_m2_p2,0.34178126141626797,0.2512202955053877,0.789441626767375,0.6402531373862054
73986_sf_m0_p0,0.4020428932938678,0.22069916782859067,0.25269680360581054,0.07284989199791725
73986_sf_m2_p0,0.08887371177194527,0.13857994114369612,0.21526916966160742,0.24901913439222884
73986_sf_m2_p1,0.0367926439692689,0.005805222003093492,0.010746476734977535,0.004941261063670556
73986_sf_m2_p2,0.1642789364847389,0.1826638720901787,0.46221773908176295,0.27956578764511836
86379_sf_m2_p0,0.15000751273768864,0.10291860728416999,0.9850118533485881,0.974788875280193
86379_sf_m2_p2,0.10070529024139678,0.08844412759805041,0.3173043323003976,0.4057484598984481
91684_sf_m2_p2,0.2660330578011113,0.11428764866968158,1.4293298303802837,1.510622047457534
75653_sf_m0_p0,0.14808332947570765,0.10864231834989609,0.24705704762707548,0.21099958375805053
75653_sf_m2_p0,0.14292432199538385,0.10236980288124481,0.523365529918887,0.46605527677944786
75653_sf_m2_p1,0.16460202101921545,0.12170146842922767,0.3362850727335539,0.27912007272112593
75653_sf_m2_p2,0.1407844837855133,0.13466665420300708,0.44770806153499787,0.5218311845578214
103737_sf_m0_p0,0.08735616938956406,0.019646062454281864,0.049830654056350586,0.031386460600393185
103737_sf_m2_p0,0.17667949387574391,0.048479586918823474,0.14975111083970213,0.10127153459866865
103737_sf_m2_p1,0.1879261779293327,0.04428073039489374,0.1692733718192302,0.14849598397840516
103737_sf_m2_p2,0.22064525113016456,0.044515713962603606,0.07140730126751507,0.03248185037048965
1344058_sf_m0_p0,0.32667506999270074,0.13952952748369685,0.1827881100625449,0.050838482477935217
1344058_sf_m2_p0,0.25674079644869097,0.15476069300798997,0.1956083412203713,0.09247511594148346
1344058_sf_m2_p1,0.2925610037156684,0.1524017831197941,0.19337212852030025,0.07099655873077906
1344058_sf_m2_p2,0.12453794719469265,0.03773937788716041,0.16029817895338327,0.1368217286586285
83024_sf_m0_p0,0.14718171672309205,0.08648477807579955,0.16961157390024187,0.10810301923110678
83024_sf_m2_p0,0.17024008487824585,0.055577736212222,0.14938705292492954,0.16869982058772062
83024_sf_m2_p1,0.02938517503041437,0.03133437384193369,0.05203131338590772,0.023248796514472692
83024_sf_m2_p2,0.25688403589747366,0.10285085476423657,0.29782536440388996,0.33371472975778277
75667_sf_m0_p0,0.12582551068430609,0.12351270277442515,0.16470413173296358,0.17856581132511037
75667_sf_m2_p0,0.17301893018463035,0.03702819619816942,0.33499929616768825,0.3225378411617356
75667_sf_m2_p1,0.3607795869731475,0.11728219534894757,0.7438287273790203,0.6883196124858054
75667_sf_m2_p2,0.13530318754542844,0.11497049896001196,0.13470595331800994,0.08586863709432149
95444_sf_m0_p0,0.3912919768880102,0.16372367908473487,0.5391018619747313,0.5112293741349013
95444_sf_m2_p0,0.1973919181697232,0.11898348743779738,0.46278819034367313,0.38664604866189084
95444_sf_m2_p1,0.140761406318765,0.09060722111262373,0.35513744578264966,0.30158653094613885
95444_sf_m2_p2,0.05889934514220471,0.07803221388032024,0.3177390122734988,0.23970679839317863
84990_sf_m0_p0,0.4342669946216838,0.10131676191673336,0.14043012895055593,0.08130504909488988
84990_sf_m2_p0,0.22356335701175448,0.07022133048124966,0.12249252578988476,0.1547225714410778
84990_sf_m2_p1,0.23370391421085457,0.09593786573875468,0.3102719177730625,0.28636516431764275
84990_sf_m2_p2,0.1767702121933063,0.0931748383382612,0.48544193062499574,0.50103227779448
1344048_sf_m0_p0,0.3392308034532203,0.14309285742933364,0.2436452936129536,0.12196223610013743
1344048_sf_m2_p0,0.31262885049012545,0.1141965584845083,0.19975148017057706,0.12994552385583877
1344048_sf_m2_p1,0.26686862125234373,0.22972085927902056,0.33332484886051095,0.1061337551787071
1344048_sf_m2_p2,0.3819798211677034,0.21690519382070444,0.31984678174436026,0.10438395796843565
108010_sf_m0_p0,0.3248360346252739,0.01222973114742341,0.15038477406113043,0.15445440493763357
108010_sf_m2_p0,0.08380940148276117,0.0864887975755708,0.39055743361569134,0.4770462311912621
108010_sf_m2_p1,0.08002230961188951,0.09721678736321276,0.44957799537927623,0.546794776010055
108010_sf_m2_p2,0.27644576995289855,0.03337680924731045,0.33775212401269955,0.3205525968076709
73464_sf_m0_p0,0.5305437985715487,0.18664914787484213,0.4645830410740397,0.40507473227763646
73464_sf_m2_p0,0.30638679362206134,0.13345443872021842,0.3302870945900044,0.23060387380363528
73464_sf_m2_p1,0.4228746837951659,0.2246917781154658,0.27804949216559777,0.18729737298203236
73464_sf_m2_p2,0.3489933676624772,0.2686417355915022,0.27847913535605245,0.14505863408963549
75658_sf_m0_p0,0.27599615723866394,0.19526821337861439,0.34077463711395517,0.24612191131635744
75658_sf_m2_p0,0.29197849662395203,0.1557027269848247,0.23806698987829988,0.188531117102571
75658_sf_m2_p1,0.12216096811961519,0.18064745926011114,0.269075429514619,0.11492215270641339
75658_sf_m2_p2,0.25046452126786206,0.1992301032751515,0.3162347915555885,0.16235191783964986
59373_sf_m2_p2,0.2670500578874685,0.17906547947720725,0.23248264958625514,0.23402469086771258
1344053_sf_m0_p0,0.017465663454904596,0.01860055681524976,0.27506377877992017,0.286501170942014
1344053_sf_m2_p0,0.015074201280005776,0.09645221263258603,0.17090363739199227,0.13544252882673924
1344053_sf_m2_p1,0.16084994323582402,0.051729746168938405,0.06887028361285562,0.04354194674889678
1344053_sf_m2_p2,0.16582512675687666,0.0414882474856771,0.05522521078806968,0.03633290523780682
60222_sf_m2_p1,0.3647043478697936,0.20072344710177778,0.2583718046246848,0.2512145250517847
60222_sf_m2_p2,0.20581678508229267,0.1310257112472747,0.8278060448668445,0.7742097862458056
653931_sf_m2_p0,0.12344375696093586,0.07455046086750663,0.25095991052249056,0.18361911859801425
653931_sf_m2_p2,0.2914381655921551,0.10709331711483216,0.12734782126692487,0.13736318071107592
42468_sf_m0_p0,0.025508001461752704,0.0025818349110299137,0.4641204664047731,0.46670230131580304
42468_sf_m2_p0,0.294983341949527,0.20540150572467827,0.4848982890810092,0.3036643510970643
42468_sf_m2_p1,0.2547712540279288,0.1730133122257391,0.4715346142462143,0.2985213020203887
42468_sf_m2_p2,0.18175892388452178,0.11301554460846344,0.1519553776804182,0.038939833328727504
81590_sf_m2_p1,0.11219786868206255,0.09478183731967663,0.31479828454217407,0.22035237533882576
81590_sf_m2_p2,0.32253465414816507,0.1975986472043513,0.34115960381210747,0.2097473936512518
75147_sf_m0_p0,0.11877176360647328,0.06156016287513139,0.28450582428981064,0.2988923523892305
75147_sf_m2_p0,0.18050557870767311,0.10396917087828332,0.1726925017147629,0.08846591822427798
75147_sf_m2_p1,0.25221283831772656,0.05710848398814871,0.19541635775495356,0.14717984533691805
75147_sf_m2_p2,0.2009776790375836,0.1300609722189202,0.29584862163176884,0.2722313484313151
230923_sf_m0_p0,0.20686004573426003,0.14198988165593196,0.26091818517293214,0.1275121548768247
230923_sf_m2_p0,0.23602678060528082,0.12922868559407774,0.18862450688216612,0.13286853210766938
230923_sf_m2_p1,0.2235060612322414,0.15098701217208868,0.31127802177129593,0.21607241003058836
131453_sf_m0_p0,0.20551518646513353,0.036648790231341356,0.25104094100618196,0.2418958911966204
131453_sf_m2_p0,0.27455898810254414,0.13161505996790127,0.4314913343405488,0.379067062361819
131453_sf_m2_p1,0.29080075004507205,0.11355323722701889,0.20593001537803124,0.15871504470520897
131453_sf_m2_p2,0.2816899253277765,0.10982167264939234,0.2357873017909405,0.13017346846989905
72896_sf_m0_p0,0.12810222214523564,0.02957497698183366,0.6272103686087074,0.6131819072569371
72896_sf_m2_p0,0.22935023074257577,0.15764332435109113,0.6743745629409699,0.537810441629335
72896_sf_m2_p1,0.22644326570700232,0.08185524766694788,0.32757169094278865,0.39789707596812396
72896_sf_m2_p2,0.24810823233538656,0.08427733282006458,0.2856577897995027,0.32407842920810503
83229_sf_m0_p0,0.1449479770967973,0.06054252598702759,0.09958880988374412,0.039046289695789174
83229_sf_m2_p0,0.12043493276178359,0.10022408011210626,0.14874543514455213,0.09783723098842688
83229_sf_m2_p1,0.09606114900197528,0.11101256488686194,0.10990823728354956,0.0408219774181542
83229_sf_m2_p2,0.21904733550152192,0.16803265478736829,0.27372898290445535,0.3623956736294912
74681_sf_m0_p0,0.12694118683538028,0.06378290380668328,0.0943272750199239,0.05593502534244071
74681_sf_m2_p0,0.13173493372130815,0.07816060417978817,0.10197960856710529,0.03370051819126106
74681_sf_m2_p1,0.07333438017075344,0.08662943605651095,0.10056353711241142,0.013934101055900474
74681_sf_m2_p2,0.12606583464837484,0.03385782865635051,0.023316921682950183,0.010741893676254641
67792_sf_m0_p0,0.15203275938853303,0.0332029448345161,0.07372928935581377,0.0818506355177364
67792_sf_m2_p0,0.2040254961977934,0.08874130559173883,0.14807871924326685,0.08441015032055975
67792_sf_m2_p1,0.33157704223993106,0.2918101257394022,0.418103306820703,0.1496227249591931
67792_sf_m2_p2,0.4226486837759754,0.2879920924293812,0.41230639716082806,0.17115109949769272
1344043_sf_m0_p0,0.019193529094581756,0.016859833179127048,0.12552757462882438,0.13056464669162535
1344043_sf_m2_p0,0.015074201280005776,0.09812919631761337,0.17098313509474353,0.1103872153950448
1344043_sf_m2_p1,0.16084994323582402,0.05039793455036467,0.07994021613767106,0.053882621768744914
1344043_sf_m2_p2,0.16582512675687666,0.042039634808127745,0.05522521078806968,0.03261785038730612
78671_sf_m0_p0,0.43639887508439973,0.17564073592610355,0.30034706076829965,0.15658101080284018
78671_sf_m2_p0,0.3583413332449797,0.2965241731138987,0.45946032117029667,0.5644505772093263
78671_sf_m2_p1,0.2569134795619457,0.14143278580096227,0.45295787984134245,0.35962906248695076
78671_sf_m2_p2,0.20262174959972287,0.012083448991443703,0.11839211507001608,0.11673335188581485
81369_sf_m0_p0,0.2565474231928343,0.12218287180358976,0.23675842306398814,0.16831743024080786
81369_sf_m2_p0,0.2660075930102166,0.1809807100123785,0.2818897407404095,0.2825387266770262
81369_sf_m2_p1,0.4429862981789733,0.3419010778595478,0.28920210492652393,0.22470647993149603
81369_sf_m2_p2,0.38409817346025654,0.18633788257918157,0.2754559797469266,0.11354497356060313
1344057_sf_m0_p0,0.019193529094581756,0.026004992144687746,0.12330612735160904,0.1257744249961005
1344057_sf_m2_p0,0.015074201280005776,0.09373533810554889,0.17098313509474353,0.10749781164366143
1344057_sf_m2_p1,0.16084994323582402,0.0501138477871121,0.15708004901194308,0.1308537338981733
1344057_sf_m2_p2,0.1791503743672456,0.05007552346339537,0.0849919788371041,0.07336441634959273
72960_sf_m2_p0,0.22899292789533446,0.16675819345437,0.25194096060684845,0.09810935857514466
72960_sf_m2_p2,0.16185341515201843,0.026460209578876195,0.09445132657802252,0.07948018457544438
75361_sf_m0_p0,0.18385738180918842,0.09573035486024686,0.0749856573628401,0.027668095971495214
75361_sf_m2_p0,0.261295810919981,0.1892470563029035,0.23506670126727539,0.06668807045308402
75361_sf_m2_p1,0.23631246372813075,0.14977584307059535,0.49527163900583765,0.3977381472298367
75361_sf_m2_p2,0.3049185892720386,0.27093214183568876,0.2877358343076663,0.03391123277443081
46459_sf_m2_p0,0.33118552107992505,0.08993173601749525,0.36675265173571975,0.325067366674292
102068_sf_m2_p0,0.1288414968558975,0.0977919201900553,0.2566344496347255,0.18075530503324502
92763_sf_m2_p0,0.33126589432618647,0.09821615825849175,0.20174937338763232,0.1269743594965115
92763_sf_m2_p1,0.24845837321018874,0.07742714045801173,0.11676024249647826,0.04989032769479889
1344047_sf_m0_p0,0.18319848034478797,0.005365358106414618,0.22962329602842518,0.22820032966375672
1344047_sf_m2_p0,0.26631476205038396,0.2542564924116494,0.41950714677603207,0.16525066281231288
1344047_sf_m2_p1,0.3027723848644444,0.24819569334073144,0.32352183697145886,0.07532615812534299
1344047_sf_m2_p2,0.37487355295865027,0.141195193313017,0.28617622314532787,0.15522665960528037
80104_sf_m0_p0,0.25129610584551726,0.06120718281950498,0.29465595720253435,0.2513637479147966
80104_sf_m2_p0,0.3253556755144689,0.12493685323805925,0.24568125045013706,0.12251735387245748
80104_sf_m2_p1,0.19296820652648397,0.060306341718453865,0.07417072726948291,0.06718216740157588
80104_sf_m2_p2,0.31393551257290997,0.26573114184873914,0.5919802487513286,0.6746651299367163
376252_sf_m0_p0,0.17552641631304317,0.08212609226649228,0.16506296523936642,0.2077300653956219
376252_sf_m2_p0,0.35680548804414286,0.2379877777228,0.5818475861565839,0.3567893783132144
376252_sf_m2_p1,0.006956360168154871,0.004149103420024375,0.016561844767679097,0.02042554175207287
376252_sf_m2_p2,0.015325904822505608,0.019843036651739684,0.431541612583938,0.41169858675835397
81368_sf_m0_p0,0.19948082679780432,0.21057769773841573,0.5184107991599597,0.6583853246839876
81368_sf_m2_p0,0.15741378801447,0.08840079034206036,0.12507561832799557,0.05543114735752077
81368_sf_m2_p1,0.2587644515501044,0.2216268552859235,0.31415488119504315,0.17150297189352248
81368_sf_m2_p2,0.23366969589808984,0.09884049663499606,0.1059717818089985,0.007738420298198588
1344056_sf_m0_p0,0.07423074081024698,0.004234723286485949,0.03664041381956449,0.03940008362651473
1344056_sf_m2_p0,0.3574930373982999,0.12167613283591991,0.26234297482286123,0.14066685557969874
1344056_sf_m2_p1,0.3426940150149,0.1266338842235052,0.24275624854479183,0.11613098298453414
72870_sf_m2_p1,0.24767373934074569,0.11816865075384848,0.22967811079799022,0.14780174950966804
72870_sf_m2_p2,0.1609899995857449,0.19025955052171875,0.23312053455349238,0.12152192157790645
127214_sf_m0_p0,0.2021442847704472,0.18611936926419967,0.20130821853229858,0.040015244873758696
127214_sf_m2_p0,0.36672481987234523,0.2243358770097096,0.4252111120274311,0.28728634397090014
127214_sf_m2_p1,0.262946247679844,0.19533958520350128,0.3986990868267882,0.47043654422129916
127214_sf_m2_p2,0.27697336858924815,0.13483112377167378,0.371189328181032,0.3957216427817094
94078_sf_m0_p0,0.25675512039356924,0.08192605238505728,0.47377889085882696,0.45123720612094675
94078_sf_m2_p0,0.3092277093562517,0.07271748731167135,0.09917638429047228,0.12319824420256796
94078_sf_m2_p1,0.32282272459516137,0.09975644209219975,0.42052314644756766,0.47112185847857946
94078_sf_m2_p2,0.3734387711466769,0.1227530925977782,0.1644389113791822,0.058516044369369025
127261_sf_m0_p0,0.1003686775367574,0.1435820335021419,0.7574661945129727,0.7715434601654694
127261_sf_m2_p0,0.05144715366434135,0.09648274709248285,0.6971825270248488,0.6733603445790105
127261_sf_m2_p1,0.2838512494549644,0.23094560130256064,0.2108471973227833,0.20817453757833151
127261_sf_m2_p2,0.13677537076902846,0.2685657157328188,0.2625120805719528,0.5272903819313859
82034_sf_m0_p0,0.02343906677902961,0.006395763476055555,0.23165338473291752,0.23786514825521818
82034_sf_m2_p0,0.23918123157736215,0.11828067661082035,0.5494159684272919,0.4651517653052924
82034_sf_m2_p1,0.18447729031253135,0.015484822190947203,0.24495732853794958,0.2588461054939214
82034_sf_m2_p2,0.08457891563261048,0.05630009998905837,0.28155165158420015,0.2536832078823666
1344046_sf_m0_p0,0.3255816755336594,0.15006678972563456,0.1803508483077409,0.05271667159540246
1344046_sf_m2_p0,0.22493049797291387,0.14533960085783793,0.22179109915701492,0.10901884976885504
1344046_sf_m2_p1,0.2615982053118556,0.10912005603063285,0.16200098505384863,0.05306419962866559
1344046_sf_m2_p2,0.1199654256796625,0.07108251231076963,0.0785634271712938,0.036488270562551904
80105_sf_m0_p0,0.26987107925377235,0.04827051720192894,0.20668603604695487,0.1944166828593887
80105_sf_m2_p0,0.16275423212991857,0.08346561186518851,0.21523869813257682,0.16720336983527578
80105_sf_m2_p1,0.2538553173304349,0.30356645018163253,0.43687220893219675,0.5394310139950272
80105_sf_m2_p2,0.28880415128398423,0.1493877042923739,0.21694938741008046,0.08264754888582454
331105_sf_m0_p0,0.16891909885058312,0.048313770898765214,0.17200102314018184,0.14865674724328853
331105_sf_m2_p0,0.19613936876759,0.07968537191654698,0.03265280969066096,0.10818371014983576
331105_sf_m2_p1,0.1521529213705674,0.1252790722441433,0.15646703219404828,0.03794905261672633
331105_sf_m2_p2,0.1513889776437263,0.035219206420052634,0.053585785709591764,0.024278289088305646
1344052_sf_m0_p0,0.5220258260172703,0.19618912543873687,0.370401470171685,0.180844800408604
1344052_sf_m2_p0,0.4574105106713917,0.25887665208265265,0.45175163910606986,0.22623397786825442
1344052_sf_m2_p1,0.4560521232321024,0.21678133967246563,0.3100442702702577,0.09326293111423001
653930_sf_m0_p0,0.20464779202528272,0.052070523423654105,0.19969705234881321,0.22983661072438635
653930_sf_m2_p0,0.641369751644159,0.0387582231056803,0.10394206847310264,0.11738473133870214
653930_sf_m2_p1,0.5613880265427579,0.06396363408344677,0.08696396168467713,0.12130565247524182
653930_sf_m2_p2,0.24988997192330034,0.07202974939089732,0.05626656270037199,0.10407871520586671
1344037_sf_m0_p0,0.4253121417486183,0.16662096617751987,0.1980226883661968,0.05128922885465654
1344037_sf_m2_p0,0.15998414034540412,0.06681160176730115,0.15984970770194742,0.1076870597239692
1344037_sf_m2_p1,0.2585941557609961,0.11230212900852568,0.6016676111710498,0.4953234796833163
1344037_sf_m2_p2,0.2455195771859969,0.13578305697167786,0.22710366728267264,0.09633056901016318
127275_sf_m0_p0,0.029391063763308765,0.019898885826732028,0.007475917354033634,0.02021590461537847
127275_sf_m2_p0,0.09121488098482705,0.14850300210470269,0.1973283836685768,0.048825402259315344
127275_sf_m2_p1,0.3756924051408581,0.191668782312289,0.3525433503669474,0.17216064234535505
127275_sf_m2_p2,0.3013837579859676,0.27148160292140644,0.46784383835667126,0.24663265549286043
353686_sf_m2_p1,0.19909885493438376,0.08736569173862241,0.45263751623488635,0.38572560388147625
353686_sf_m2_p2,0.20415043282812054,0.13422268420367114,0.29514998444380103,0.17245549730749
1344042_sf_m0_p0,0.4240015007922565,0.16931969238870628,0.20753209975339953,0.0508080059115516
1344042_sf_m2_p0,0.43391446642273523,0.09757809316888583,0.18796380007100805,0.12301691206780802
1344042_sf_m2_p1,0.2688946636779036,0.15948744799553102,0.194631887156401,0.07600787482927222
1344042_sf_m2_p2,0.1429529698851404,0.07195051026996524,0.15932083392280194,0.08737032828544208
98480_sf_m0_p0,0.3640892140147435,0.15962570281484212,0.3611938283403981,0.440357235413575
98480_sf_m2_p0,0.17431126832253652,0.08943946728257568,0.5909856744426522,0.6524284369702602
98480_sf_m2_p1,0.2688556707168461,0.18200312606735913,0.3488485661600028,0.35596270393849494
98480_sf_m2_p2,0.1331951803241763,0.08596216045090611,1.2190474606702175,1.279650449139721
96483_sf_m0_p0,0.1678511691824365,0.05646786897081074,0.11704829761413334,0.06777741912861648
96483_sf_m2_p0,0.1742921697293655,0.13167011678586055,0.6814273505024866,0.7752266148682608
96483_sf_m2_p1,0.25736468382561123,0.03301539648787274,0.2540984113310062,0.22968017026517992
96483_sf_m2_p2,0.232114752104082,0.12292520877963599,0.8333888870729059,0.8575076276976057
